{
   "dataset": {
      "id": 34650751,
      "dataset_code": "HPPU50_AB",
      "database_code": "CMHC",
      "name": "Average, Median and Price Percentiles for Unabsorbed Homeowner and Condominium Units (Provinces) - Alberta",
      "description": "Average, Median and Price Percentiles for Unabsorbed Homeowner and Condominium Units (Provinces). For more information, please see <a href=https://www03.cmhc-schl.gc.ca/hmip-pimh/en/TableMapChart/ScsMasMethodology>https://www03.cmhc-schl.gc.ca/hmip-pimh/en/TableMapChart/ScsMasMethodology</a>",
      "refreshed_at": "2021-01-01T03:25:42.027Z",
      "newest_available_date": "2020-11-30",
      "oldest_available_date": "1990-01-31",
      "column_names": [
         "Date",
         "1st 20%",
         "2nd 40%",
         "3rd 60%",
         "4th 80%",
         "Median",
         "Average",
         "Units"
      ],
      "frequency": "monthly",
      "type": "Time Series",
      "premium": false,
      "limit": null,
      "transform": null,
      "column_index": null,
      "start_date": "2009-11-30",
      "end_date": "2020-11-30",
      "data": [
         [
            "2020-11-30",
            395000.0,
            480000.0,
            570000.0,
            730000.0,
            525000.0,
            604967.0,
            2003.0
         ],
         [
            "2020-10-31",
            390000.0,
            475000.0,
            565000.0,
            718000.0,
            520000.0,
            599735.0,
            2111.0
         ],
         [
            "2020-09-30",
            390000.0,
            470000.0,
            560000.0,
            720000.0,
            510000.0,
            601300.0,
            2206.0
         ],
         [
            "2020-08-31",
            385000.0,
            465000.0,
            555000.0,
            735000.0,
            505000.0,
            600865.0,
            2314.0
         ],
         [
            "2020-07-31",
            380000.0,
            460000.0,
            555000.0,
            725000.0,
            505000.0,
            596708.0,
            2506.0
         ],
         [
            "2020-06-30",
            375000.0,
            455000.0,
            550000.0,
            715000.0,
            500000.0,
            592217.0,
            2669.0
         ],
         [
            "2020-05-31",
            375000.0,
            450000.0,
            548000.0,
            710000.0,
            490000.0,
            588908.0,
            2685.0
         ],
         [
            "2020-04-30",
            375000.0,
            450000.0,
            545000.0,
            700000.0,
            490000.0,
            584296.0,
            2727.0
         ],
         [
            "2020-03-31",
            375000.0,
            450000.0,
            540000.0,
            700000.0,
            490000.0,
            578154.0,
            2773.0
         ],
         [
            "2020-02-29",
            370000.0,
            440000.0,
            535000.0,
            700000.0,
            480000.0,
            573679.0,
            2852.0
         ],
         [
            "2020-01-31",
            370000.0,
            440000.0,
            535000.0,
            700000.0,
            480000.0,
            571483.0,
            2915.0
         ],
         [
            "2019-12-31",
            375000.0,
            445000.0,
            540000.0,
            700000.0,
            490000.0,
            573693.0,
            2886.0
         ],
         [
            "2019-11-30",
            375000.0,
            450000.0,
            545000.0,
            700000.0,
            490000.0,
            573271.0,
            2886.0
         ],
         [
            "2019-10-31",
            375000.0,
            450000.0,
            550000.0,
            710000.0,
            500000.0,
            573831.0,
            2873.0
         ],
         [
            "2019-09-30",
            375000.0,
            450000.0,
            545000.0,
            700000.0,
            495000.0,
            569015.0,
            2766.0
         ],
         [
            "2019-08-31",
            375000.0,
            450000.0,
            545000.0,
            700000.0,
            495000.0,
            568873.0,
            2833.0
         ],
         [
            "2019-07-31",
            370000.0,
            450000.0,
            540000.0,
            690000.0,
            490000.0,
            562433.0,
            2885.0
         ],
         [
            "2019-06-30",
            370000.0,
            445000.0,
            535000.0,
            680000.0,
            490000.0,
            559010.0,
            2970.0
         ],
         [
            "2019-05-31",
            370000.0,
            445000.0,
            535000.0,
            689000.0,
            490000.0,
            555321.0,
            2990.0
         ],
         [
            "2019-04-30",
            370000.0,
            440000.0,
            535000.0,
            690000.0,
            490000.0,
            554624.0,
            3114.0
         ],
         [
            "2019-03-31",
            373000.0,
            445000.0,
            535000.0,
            690000.0,
            490000.0,
            555053.0,
            3077.0
         ],
         [
            "2019-02-28",
            370000.0,
            435000.0,
            530000.0,
            680000.0,
            480000.0,
            548514.0,
            3099.0
         ],
         [
            "2019-01-31",
            375000.0,
            440000.0,
            525000.0,
            670000.0,
            480000.0,
            545968.0,
            3129.0
         ],
         [
            "2018-12-31",
            375000.0,
            445000.0,
            535000.0,
            690000.0,
            490000.0,
            554616.0,
            2988.0
         ],
         [
            "2018-11-30",
            375000.0,
            445000.0,
            535000.0,
            695000.0,
            490000.0,
            559687.0,
            2890.0
         ],
         [
            "2018-10-31",
            375000.0,
            445000.0,
            530000.0,
            690000.0,
            490000.0,
            556577.0,
            2750.0
         ],
         [
            "2018-09-30",
            375000.0,
            445000.0,
            530000.0,
            685000.0,
            490000.0,
            559308.0,
            2509.0
         ],
         [
            "2018-08-31",
            375000.0,
            450000.0,
            530000.0,
            680000.0,
            490000.0,
            557298.0,
            2481.0
         ],
         [
            "2018-07-31",
            375000.0,
            450000.0,
            530000.0,
            660000.0,
            490000.0,
            553085.0,
            2357.0
         ],
         [
            "2018-06-30",
            370000.0,
            445000.0,
            525000.0,
            650000.0,
            490000.0,
            545483.0,
            2403.0
         ],
         [
            "2018-05-31",
            370000.0,
            440000.0,
            525000.0,
            645000.0,
            485000.0,
            545359.0,
            2358.0
         ],
         [
            "2018-04-30",
            375000.0,
            445000.0,
            530000.0,
            650000.0,
            490000.0,
            553226.0,
            2340.0
         ],
         [
            "2018-03-31",
            370000.0,
            450000.0,
            535000.0,
            660000.0,
            490000.0,
            553240.0,
            2263.0
         ],
         [
            "2018-02-28",
            370000.0,
            440000.0,
            535000.0,
            665000.0,
            490000.0,
            555583.0,
            2204.0
         ],
         [
            "2017-12-31",
            365000.0,
            435000.0,
            530000.0,
            650000.0,
            480000.0,
            551292.0,
            2054.0
         ],
         [
            "2017-11-30",
            365000.0,
            435000.0,
            530000.0,
            645000.0,
            480000.0,
            552529.0,
            2061.0
         ],
         [
            "2017-10-31",
            365000.0,
            430000.0,
            535000.0,
            670000.0,
            485000.0,
            560256.0,
            1900.0
         ],
         [
            "2017-09-30",
            370000.0,
            440000.0,
            540000.0,
            675000.0,
            490000.0,
            564169.0,
            1856.0
         ],
         [
            "2017-08-31",
            370000.0,
            445000.0,
            540000.0,
            664000.0,
            495000.0,
            563653.0,
            1875.0
         ],
         [
            "2017-07-31",
            370000.0,
            440000.0,
            540000.0,
            655000.0,
            490000.0,
            565569.0,
            1971.0
         ],
         [
            "2017-06-30",
            370000.0,
            440000.0,
            540000.0,
            655000.0,
            490000.0,
            564879.0,
            1930.0
         ],
         [
            "2017-05-31",
            370000.0,
            435000.0,
            540000.0,
            660000.0,
            490000.0,
            569246.0,
            1849.0
         ],
         [
            "2017-04-30",
            370000.0,
            440000.0,
            540000.0,
            670000.0,
            490000.0,
            576129.0,
            1822.0
         ],
         [
            "2017-03-31",
            370000.0,
            445000.0,
            540000.0,
            665000.0,
            495000.0,
            571490.0,
            1880.0
         ],
         [
            "2017-02-28",
            365000.0,
            430000.0,
            540000.0,
            660000.0,
            480000.0,
            566758.0,
            1873.0
         ],
         [
            "2017-01-31",
            365000.0,
            440000.0,
            545000.0,
            675000.0,
            495000.0,
            569401.0,
            1754.0
         ],
         [
            "2016-12-31",
            365000.0,
            440000.0,
            550000.0,
            690000.0,
            500000.0,
            572540.0,
            1800.0
         ],
         [
            "2016-11-30",
            365000.0,
            435000.0,
            550000.0,
            695000.0,
            497500.0,
            571348.0,
            1904.0
         ],
         [
            "2016-10-31",
            365000.0,
            450000.0,
            555000.0,
            690000.0,
            500000.0,
            568952.0,
            1802.0
         ],
         [
            "2016-09-30",
            365000.0,
            440000.0,
            545000.0,
            660000.0,
            495000.0,
            558614.0,
            1840.0
         ],
         [
            "2016-08-31",
            365000.0,
            450000.0,
            540000.0,
            650000.0,
            495000.0,
            554119.0,
            1907.0
         ],
         [
            "2016-07-31",
            370000.0,
            445000.0,
            540000.0,
            650000.0,
            495000.0,
            549898.0,
            1951.0
         ],
         [
            "2016-06-30",
            370000.0,
            450000.0,
            540000.0,
            650000.0,
            490000.0,
            555240.0,
            2113.0
         ],
         [
            "2016-05-31",
            370000.0,
            440000.0,
            525000.0,
            630000.0,
            485000.0,
            538524.0,
            2213.0
         ],
         [
            "2016-04-30",
            370000.0,
            445000.0,
            525000.0,
            630000.0,
            485000.0,
            537977.0,
            2235.0
         ],
         [
            "2016-03-31",
            370000.0,
            440000.0,
            525000.0,
            630000.0,
            485000.0,
            538122.0,
            2224.0
         ],
         [
            "2016-02-29",
            370000.0,
            450000.0,
            530000.0,
            640000.0,
            490000.0,
            544789.0,
            2210.0
         ],
         [
            "2016-01-31",
            375000.0,
            450000.0,
            525000.0,
            625000.0,
            485000.0,
            539401.0,
            2165.0
         ],
         [
            "2015-12-31",
            380000.0,
            455000.0,
            535000.0,
            640000.0,
            495000.0,
            544505.0,
            2033.0
         ],
         [
            "2015-11-30",
            375000.0,
            455000.0,
            531000.0,
            630000.0,
            490000.0,
            538103.0,
            1821.0
         ],
         [
            "2015-10-31",
            375000.0,
            450000.0,
            535000.0,
            640000.0,
            495000.0,
            540015.0,
            1652.0
         ],
         [
            "2015-09-30",
            370000.0,
            450000.0,
            540000.0,
            650000.0,
            500000.0,
            544224.0,
            1707.0
         ],
         [
            "2015-08-31",
            370000.0,
            455000.0,
            540000.0,
            673000.0,
            500000.0,
            554147.0,
            1661.0
         ],
         [
            "2015-07-31",
            370000.0,
            460000.0,
            545000.0,
            668000.0,
            500000.0,
            549214.0,
            1701.0
         ],
         [
            "2015-06-30",
            370000.0,
            455000.0,
            535000.0,
            657000.0,
            495000.0,
            545218.0,
            1677.0
         ],
         [
            "2015-05-31",
            375000.0,
            465000.0,
            555000.0,
            685000.0,
            505000.0,
            565127.0,
            1617.0
         ],
         [
            "2015-04-30",
            370000.0,
            460000.0,
            555000.0,
            700000.0,
            510000.0,
            571300.0,
            1546.0
         ],
         [
            "2015-03-31",
            370000.0,
            455000.0,
            545000.0,
            678000.0,
            500000.0,
            560553.0,
            1561.0
         ],
         [
            "2015-02-28",
            355000.0,
            440000.0,
            530000.0,
            650000.0,
            485000.0,
            544322.0,
            1466.0
         ],
         [
            "2015-01-31",
            355000.0,
            440000.0,
            530000.0,
            645000.0,
            485000.0,
            537613.0,
            1443.0
         ],
         [
            "2014-12-31",
            360000.0,
            435000.0,
            530000.0,
            645000.0,
            480000.0,
            533365.0,
            1491.0
         ],
         [
            "2014-11-30",
            360000.0,
            435000.0,
            520000.0,
            615000.0,
            475000.0,
            514535.0,
            1479.0
         ],
         [
            "2014-10-31",
            355000.0,
            430000.0,
            515000.0,
            620000.0,
            470000.0,
            516949.0,
            1416.0
         ],
         [
            "2014-09-30",
            355000.0,
            430000.0,
            505000.0,
            620000.0,
            465000.0,
            511512.0,
            1382.0
         ],
         [
            "2014-08-31",
            355000.0,
            435000.0,
            505000.0,
            620000.0,
            470000.0,
            512857.0,
            1361.0
         ],
         [
            "2014-07-31",
            355000.0,
            435000.0,
            510000.0,
            625000.0,
            470000.0,
            516350.0,
            1398.0
         ],
         [
            "2014-06-30",
            350000.0,
            415000.0,
            495000.0,
            615000.0,
            455000.0,
            508384.0,
            1499.0
         ],
         [
            "2014-05-31",
            340000.0,
            405000.0,
            485000.0,
            590000.0,
            450000.0,
            500664.0,
            1599.0
         ],
         [
            "2014-04-30",
            340000.0,
            410000.0,
            494000.0,
            585000.0,
            455000.0,
            503318.0,
            1627.0
         ],
         [
            "2014-03-31",
            340000.0,
            410000.0,
            495000.0,
            595000.0,
            450000.0,
            506557.0,
            1742.0
         ],
         [
            "2014-02-28",
            335000.0,
            405000.0,
            490000.0,
            600000.0,
            450000.0,
            504445.0,
            1791.0
         ],
         [
            "2014-01-31",
            335000.0,
            395000.0,
            485000.0,
            590000.0,
            445000.0,
            492853.0,
            1652.0
         ],
         [
            "2013-12-31",
            335000.0,
            400000.0,
            485000.0,
            590000.0,
            445000.0,
            490761.0,
            1707.0
         ],
         [
            "2013-11-30",
            330000.0,
            390000.0,
            475000.0,
            575000.0,
            435000.0,
            481942.0,
            1819.0
         ],
         [
            "2013-10-31",
            325000.0,
            390000.0,
            470000.0,
            580000.0,
            425000.0,
            483488.0,
            1725.0
         ],
         [
            "2013-09-30",
            325000.0,
            385000.0,
            465000.0,
            565000.0,
            420000.0,
            479028.0,
            1626.0
         ],
         [
            "2013-08-31",
            325000.0,
            380000.0,
            460000.0,
            565000.0,
            420000.0,
            470990.0,
            1737.0
         ],
         [
            "2013-07-31",
            325000.0,
            380000.0,
            460000.0,
            565000.0,
            420000.0,
            472799.0,
            1623.0
         ],
         [
            "2013-06-30",
            325000.0,
            385000.0,
            460000.0,
            565000.0,
            420000.0,
            475769.0,
            1550.0
         ],
         [
            "2013-05-31",
            325000.0,
            390000.0,
            460000.0,
            565000.0,
            420000.0,
            477300.0,
            1586.0
         ],
         [
            "2013-04-30",
            320000.0,
            390000.0,
            455000.0,
            563000.0,
            420000.0,
            476776.0,
            1676.0
         ],
         [
            "2013-03-31",
            325000.0,
            390000.0,
            460000.0,
            560000.0,
            425000.0,
            478695.0,
            1644.0
         ],
         [
            "2013-02-28",
            325000.0,
            395000.0,
            465000.0,
            570000.0,
            425000.0,
            480786.0,
            1649.0
         ],
         [
            "2013-01-31",
            330000.0,
            400000.0,
            470000.0,
            585000.0,
            430000.0,
            493835.0,
            1657.0
         ],
         [
            "2012-12-31",
            325000.0,
            395000.0,
            465000.0,
            590000.0,
            425000.0,
            493637.0,
            1660.0
         ],
         [
            "2012-11-30",
            325000.0,
            395000.0,
            465000.0,
            590000.0,
            425000.0,
            494173.0,
            1672.0
         ],
         [
            "2012-10-31",
            325000.0,
            395000.0,
            460000.0,
            580000.0,
            425000.0,
            487831.0,
            1674.0
         ],
         [
            "2012-09-30",
            330000.0,
            395000.0,
            460000.0,
            580000.0,
            425000.0,
            486738.0,
            1560.0
         ],
         [
            "2012-08-31",
            325000.0,
            395000.0,
            465000.0,
            593000.0,
            425000.0,
            490621.0,
            1506.0
         ],
         [
            "2012-07-31",
            325000.0,
            395000.0,
            465000.0,
            600000.0,
            430000.0,
            494125.0,
            1537.0
         ],
         [
            "2012-06-30",
            330000.0,
            400000.0,
            475000.0,
            600000.0,
            435000.0,
            498952.0,
            1473.0
         ],
         [
            "2012-05-31",
            330000.0,
            395000.0,
            470000.0,
            595000.0,
            430000.0,
            492245.0,
            1469.0
         ],
         [
            "2012-04-30",
            330000.0,
            400000.0,
            470000.0,
            585000.0,
            430000.0,
            488595.0,
            1527.0
         ],
         [
            "2012-03-31",
            330000.0,
            400000.0,
            475000.0,
            595000.0,
            430000.0,
            491995.0,
            1649.0
         ],
         [
            "2012-02-29",
            330000.0,
            400000.0,
            470000.0,
            580000.0,
            430000.0,
            491712.0,
            1721.0
         ],
         [
            "2012-01-31",
            330000.0,
            400000.0,
            475000.0,
            575000.0,
            430000.0,
            489935.0,
            1661.0
         ],
         [
            "2011-12-31",
            330000.0,
            400000.0,
            469000.0,
            575000.0,
            430000.0,
            485783.0,
            1717.0
         ],
         [
            "2011-11-30",
            330000.0,
            400000.0,
            470000.0,
            590000.0,
            430000.0,
            489697.0,
            1729.0
         ],
         [
            "2011-10-31",
            330000.0,
            405000.0,
            475000.0,
            580000.0,
            435000.0,
            492982.0,
            1672.0
         ],
         [
            "2011-09-30",
            330000.0,
            400000.0,
            475000.0,
            597000.0,
            440000.0,
            493833.0,
            1582.0
         ],
         [
            "2011-08-31",
            330000.0,
            395000.0,
            470000.0,
            590000.0,
            435000.0,
            489920.0,
            1523.0
         ],
         [
            "2011-07-31",
            330000.0,
            395000.0,
            470000.0,
            590000.0,
            435000.0,
            487438.0,
            1492.0
         ],
         [
            "2011-06-30",
            330000.0,
            395000.0,
            473000.0,
            575000.0,
            430000.0,
            485421.0,
            1385.0
         ],
         [
            "2011-05-31",
            330000.0,
            390000.0,
            465000.0,
            570000.0,
            430000.0,
            476713.0,
            1405.0
         ],
         [
            "2011-04-30",
            330000.0,
            390000.0,
            465000.0,
            570000.0,
            430000.0,
            479207.0,
            1474.0
         ],
         [
            "2011-03-31",
            330000.0,
            390000.0,
            460000.0,
            570000.0,
            425000.0,
            475213.0,
            1546.0
         ],
         [
            "2011-02-28",
            330000.0,
            390000.0,
            455000.0,
            560000.0,
            420000.0,
            465309.0,
            1549.0
         ],
         [
            "2011-01-31",
            325000.0,
            385000.0,
            455000.0,
            560000.0,
            420000.0,
            462846.0,
            1580.0
         ],
         [
            "2010-12-31",
            325000.0,
            385000.0,
            455000.0,
            560000.0,
            420000.0,
            463331.0,
            1543.0
         ],
         [
            "2010-11-30",
            325000.0,
            385000.0,
            455000.0,
            555000.0,
            420000.0,
            465070.0,
            1506.0
         ],
         [
            "2010-10-31",
            325000.0,
            385000.0,
            455000.0,
            565000.0,
            420000.0,
            469103.0,
            1440.0
         ],
         [
            "2010-09-30",
            325000.0,
            390000.0,
            455000.0,
            565000.0,
            425000.0,
            470590.0,
            1370.0
         ],
         [
            "2010-08-31",
            320000.0,
            385000.0,
            455000.0,
            565000.0,
            420000.0,
            471733.0,
            1355.0
         ],
         [
            "2010-07-31",
            325000.0,
            385000.0,
            460000.0,
            575000.0,
            425000.0,
            477314.0,
            1259.0
         ],
         [
            "2010-06-30",
            330000.0,
            400000.0,
            470000.0,
            580000.0,
            435000.0,
            489054.0,
            1303.0
         ],
         [
            "2010-05-31",
            325000.0,
            390000.0,
            465000.0,
            565000.0,
            425000.0,
            478630.0,
            1409.0
         ],
         [
            "2010-04-30",
            330000.0,
            390000.0,
            465000.0,
            575000.0,
            425000.0,
            481055.0,
            1367.0
         ],
         [
            "2010-03-31",
            330000.0,
            390000.0,
            470000.0,
            580000.0,
            430000.0,
            486648.0,
            1342.0
         ],
         [
            "2010-02-28",
            325000.0,
            385000.0,
            465000.0,
            578000.0,
            420000.0,
            481374.0,
            1376.0
         ],
         [
            "2010-01-31",
            320000.0,
            380000.0,
            453000.0,
            559000.0,
            415000.0,
            474082.0,
            1405.0
         ],
         [
            "2009-12-31",
            320000.0,
            380000.0,
            460000.0,
            570000.0,
            415000.0,
            481583.0,
            1432.0
         ],
         [
            "2009-11-30",
            325000.0,
            385000.0,
            460000.0,
            573000.0,
            420000.0,
            479962.0,
            1496.0
         ]
      ],
      "collapse": null,
      "order": null,
      "database_id": 234
   }
}